projectid,gender,purchasing_reason,decide_purchase_reason,not_book_reason,other_projects_before_deicde,condo_payment,day_off_activity,most_interested_activites_participation,room_size_wanted,purchase_budget,residences_count,would_recommend,information_source,saw_sign,car_type,decision_time_frame,family_monthly_income,individual_monthly_income_baht,exercise_preference,condo_living_style,car_brand,purchase_intent,travel_route_today,marital_status,occupation,age,Project Brand,Project Type,Starting Price,Location,hour_sin,hour_cos,day,month,quarter,year,week,day_of_week,is_weekend,day_of_year,season,has_booked_prediction
6,หญิง,ทำเลที่เดินทางสะดวกขึ้น,unknown,unknown,unknown,unknown,unknown,unknown,30-34 ตร.ม.,1.01 - 1.5M,Missing,Missing,เพื่อน/ญาติแนะนำ,unknown,Missing,4 - 6 เดือน,Missing,"15,001 - 20,000",unknown,unknown,unknown,อยู่เอง,unknown,โสด,unknown,25-35 ปี,ATMOZ,LOW RISE,2990000,ลาดพร้าว,-0.7071067811865471,-0.7071067811865479,9.0,12.0,4.0,2019.0,50,0.0,0,343.0,1.0,0.0
6,unknown,unknown,unknown,unknown,unknown,unknown,unknown,unknown,Missing,1.51 - 2.0M,Missing,Missing,unknown,unknown,Missing,Missing,Missing,"40,001 - 50,000",unknown,unknown,unknown,unknown,unknown,unknown,พนักงานบริษัทเอกชน ประเภท,36-45 ปี,ATMOZ,LOW RISE,2990000,ลาดพร้าว,-0.9659258262890684,-0.2588190451025206,16.0,7.0,3.0,2019.0,29,1.0,0,197.0,3.0,0.0
7,unknown,unknown,unknown,unknown,unknown,unknown,unknown,unknown,Missing,2.01 - 2.5M,Missing,Missing,Facebook Assetwise,unknown,Missing,Missing,"35,001 - 50,000",Missing,unknown,unknown,unknown,unknown,unknown,unknown,รับราชการ ประเภท,45 ปีขึ้นไป,MODIZ,HIGH RISE,2000000,รัชดา,0.9659258262890684,0.2588190451025207,6.0,3.0,1.0,2019.0,10,2.0,0,65.0,2.0,1.0
7,unknown,unknown,unknown,unknown,unknown,unknown,unknown,unknown,Missing,3.01 - 3.5M,Missing,Missing,Facebook Assetwise,unknown,Missing,Missing,"20,001 - 35,000",Missing,unknown,unknown,unknown,unknown,unknown,unknown,พนักงานบริษัทเอกชน ประเภท,25-35 ปี,MODIZ,HIGH RISE,2000000,รัชดา,1.0,6.123233995736766e-17,12.0,5.0,2.0,2019.0,19,6.0,1,132.0,2.0,1.0
8,ชาย,ทำเลที่เดินทางสะดวกขึ้น,unknown,อยู่ระหว่างการตัดสินใจ,ไม่ได้เปรียบเทียบ,unknown,unknown,unknown,26-29 ตร.ม.,2.01 - 2.5M,Missing,Missing,ป้ายหน้าโครงการ/รั้วโครงการ,ป้าย.......,"ECO Car (Vios, Yaris, Jazz, City,  Mazda2 ...)",1 - 3 เดือน,"80,001 - 100,000","40,001 - 50,000",unknown,unknown,โตโยต้า (Toyota),unknown,unknown,โสด,ธุรกิจส่วนตัว ประเภท,25-35 ปี,BROWN,LOW RISE,2000000,รัชดา,-0.8660254037844385,-0.5000000000000004,16.0,10.0,4.0,2019.0,42,2.0,0,289.0,4.0,0.0
8,หญิง,unknown,unknown,unknown,ไม่ได้เปรียบเทียบ,สิทธิ์สวัสดิการ,unknown,unknown,23-25 ตร.ม.,2.01 - 2.5M,มากกว่า 2 หลัง,Missing,unknown,unknown,Missing,ภายใน 1 เดือน,Missing,"100,001 - 120,000",unknown,unknown,unknown,unknown,unknown,โสด,พนักงานบริษัทเอกชน ประเภท,45 ปีขึ้นไป,BROWN,LOW RISE,2000000,รัชดา,-0.9659258262890684,-0.2588190451025206,1.0,12.0,4.0,2019.0,48,6.0,1,335.0,1.0,1.0
9,unknown,สภาพแวดล้อมที่ดีขึ้น,unknown,unknown,unknown,unknown,unknown,unknown,Missing,2.01 - 2.5M,Missing,Missing,Facebook Assetwise,unknown,Missing,Missing,"35,001 - 50,000","50,001 - 65,000",unknown,unknown,unknown,unknown,unknown,โสด,พนักงานบริษัทเอกชน ประเภท,25-35 ปี,ATMOZ,LOW RISE,2000000,ลาดพร้าว,0.8660254037844386,0.5000000000000001,10.0,6.0,2.0,2018.0,23,6.0,1,161.0,3.0,1.0
9,หญิง,unknown,unknown,อยู่ระหว่างการตัดสินใจ,อื่นๆ โปรดระบุ,unknown,unknown,unknown,26-29 ตร.ม.,2.01 - 2.5M,Missing,Missing,unknown,ป้ายบิลบอร์ดปากซอยลาดพร้าว 15,ไม่มีรถ,ภายใน 1 เดือน,"20,001 - 35,000","20,001 - 30,000",unknown,unknown,ไม่มีรถ,unknown,unknown,โสด,พนักงานบริษัทเอกชน ประเภท,25-35 ปี,ATMOZ,LOW RISE,2000000,ลาดพร้าว,-1.0,-1.8369701987210294e-16,23.0,5.0,2.0,2021.0,20,6.0,1,143.0,2.0,0.0
10,unknown,สภาพแวดล้อมที่ดีขึ้น,unknown,unknown,unknown,unknown,unknown,unknown,Missing,3.01 - 3.5M,Missing,Missing,unknown,Other,Missing,Missing,Missing,"40,001 - 50,000",unknown,unknown,unknown,unknown,unknown,สมรส มีบุตร (คน),unknown,45 ปีขึ้นไป,WYNN,LOW RISE,1490000,ลาดพร้าว,1.0,6.123233995736766e-17,29.0,7.0,3.0,2018.0,30,6.0,1,210.0,3.0,1.0
10,หญิง,unknown,unknown,unknown,ไม่ได้เปรียบเทียบ,unknown,unknown,unknown,23-25 ตร.ม.,1.01 - 1.5M,Missing,Missing,ป้ายหน้าโครงการ/รั้วโครงการ,ป้ายบริเวณ รั้วโครงการ/หน้าโครงการ,Missing,1 - 3 เดือน,"80,001 - 100,000","80,001 - 100,000",unknown,unknown,unknown,unknown,unknown,สมรส มีบุตร (คน),พนักงานบริษัทเอกชน ประเภท,36-45 ปี,WYNN,LOW RISE,1490000,ลาดพร้าว,-0.7071067811865471,-0.7071067811865479,5.0,12.0,4.0,2019.0,49,3.0,0,339.0,1.0,0.0
12,หญิง,unknown,unknown,unknown,อื่นๆ โปรดระบุ,ขอสินเชื่อ,unknown,unknown,26-29 ตร.ม.,2.01 - 2.5M,หลังที่ 2,Missing,ป้ายหน้าโครงการ/รั้วโครงการ,ป้ายบริเวณ รั้วโครงการ/หน้าโครงการ,Missing,ภายใน 1 เดือน,"80,001 - 100,000","50,001 - 65,000",unknown,unknown,unknown,unknown,unknown,โสด,พนักงานบริษัทเอกชน ประเภท,25-35 ปี,MODIZ,HIGH RISE,1790000,พหลโยธิน,-0.8660254037844385,-0.5000000000000004,17.0,10.0,4.0,2021.0,41,6.0,1,290.0,4.0,1.0
12,unknown,ใกล้ที่ทำงาน,unknown,unknown,unknown,unknown,unknown,unknown,Missing,2.01 - 2.5M,Missing,Missing,Google Search,unknown,Missing,Missing,Missing,"20,001 - 30,000",unknown,unknown,unknown,unknown,unknown,สมรส มีบุตร (คน),พนักงานบริษัทเอกชน ประเภท,25-35 ปี,MODIZ,HIGH RISE,1790000,พหลโยธิน,0.8660254037844386,0.5000000000000001,19.0,3.0,1.0,2019.0,12,1.0,0,78.0,2.0,1.0
13,หญิง,ลงทุน/ปล่อยเช่า,unknown,อื่นๆ,unknown,unknown,พักผ่อนส่วนตัว,unknown,23-25 ตร.ม.,1.51 - 2.0M,Missing,Missing,unknown,unknown,Missing,7 - 12 เดือน,"80,001 - 100,000","120,001 - 150,000",unknown,unknown,unknown,ปล่อยเช่า,unknown,สมรส มีบุตร (คน),พนักงานบริษัทเอกชน ประเภท,45 ปีขึ้นไป,MODIZ,HIGH RISE,2790000,บางเขน,-0.7071067811865471,-0.7071067811865479,10.0,8.0,3.0,2019.0,32,5.0,1,222.0,3.0,0.0
13,unknown,อื่นๆ,unknown,unknown,unknown,unknown,unknown,unknown,Missing,1.51 - 2.0M,Missing,Missing,unknown,Other,Missing,Missing,Missing,"50,001 - 65,000",unknown,unknown,unknown,unknown,unknown,สมรส มีบุตร (คน),พนักงานบริษัทเอกชน ประเภท,36-45 ปี,MODIZ,HIGH RISE,2790000,บางเขน,0.4999999999999999,0.8660254037844387,7.0,10.0,4.0,2018.0,40,6.0,1,280.0,4.0,1.0
14,หญิง,สภาพแวดล้อมที่ดีขึ้น,ราคา/ความคุ้มค่า,unknown,ไม่ได้เปรียบเทียบ,ขอสินเชื่อ,พักผ่อนส่วนตัว,unknown,30-34 ตร.ม.,2.01 - 2.5M,หลังที่ 1,Missing,เพื่อน/ญาติแนะนำ,unknown,รถกระบะ 2/4 ประตู,ภายใน 1 เดือน,"200,001 - 300,000","120,001 - 150,000",unknown,unknown,Other,อยู่เอง,unknown,สมรส ไม่มีบุตร,ธุรกิจส่วนตัว ประเภท,25-35 ปี,BROWN,LOW RISE,2490000,พหลโยธิน,-0.2588190451025208,-0.9659258262890684,7.0,5.0,2.0,2023.0,18,6.0,1,127.0,2.0,1.0
14,unknown,ใกล้ที่ทำงาน,unknown,unknown,unknown,unknown,unknown,unknown,Missing,Missing,Missing,Missing,unknown,unknown,Missing,Missing,Missing,"20,001 - 30,000",unknown,unknown,unknown,unknown,unknown,โสด,รับราชการ ประเภท,36-45 ปี,BROWN,LOW RISE,2490000,พหลโยธิน,0.4999999999999999,0.8660254037844387,9.0,10.0,4.0,2018.0,41,1.0,0,282.0,4.0,1.0
15,unknown,ลงทุน/ปล่อยเช่า,unknown,unknown,unknown,unknown,unknown,unknown,Missing,2.01 - 2.5M,Missing,Missing,unknown,Other,Missing,Missing,Missing,"80,001 - 100,000",unknown,unknown,unknown,unknown,unknown,โสด,unknown,25-35 ปี,OTHER,LOW RISE,2700000,พหลโยธิน,0.8660254037844386,0.5000000000000001,17.0,11.0,4.0,2018.0,46,5.0,1,321.0,4.0,1.0
15,หญิง,unknown,unknown,อยู่ระหว่างการตัดสินใจ,Origin Property ระบุโครงการ,unknown,unknown,unknown,26-29 ตร.ม.,2.01 - 2.5M,Missing,Missing,ป้ายหน้าโครงการ/รั้วโครงการ,ป้ายบริเวณ รั้วโครงการ/หน้าโครงการ,"ECO Car (Vios, Yaris, Jazz, City,  Mazda2 ...)",4 - 6 เดือน,"50,001 - 65,000","20,001 - 30,000",unknown,unknown,ฮอนด้า (Honda),อยู่เอง,unknown,โสด,พนักงานรัฐวิสาหกิจ ประเภท,25-35 ปี,OTHER,LOW RISE,2700000,พหลโยธิน,-0.4999999999999997,-0.8660254037844388,13.0,10.0,4.0,2019.0,41,6.0,1,286.0,4.0,0.0
16,unknown,แต่งงาน/สร้างครอบครัวใหม่,unknown,unknown,unknown,unknown,unknown,unknown,Missing,1.51 - 2.0M,Missing,Missing,Website โครงการ,unknown,Missing,Missing,Missing,"40,001 - 50,000",unknown,unknown,unknown,unknown,unknown,unknown,พนักงานบริษัทเอกชน ประเภท,36-45 ปี,OTHER,LOW RISE,1590000,บางเขน,0.4999999999999999,-0.8660254037844387,11.0,8.0,3.0,2018.0,32,5.0,1,223.0,3.0,1.0
16,unknown,ใกล้ที่ทำงาน,unknown,unknown,unknown,unknown,unknown,unknown,Missing,2.01 - 2.5M,Missing,Missing,Facebook Assetwise,unknown,Missing,Missing,Missing,"15,001 - 20,000",unknown,unknown,unknown,unknown,unknown,โสด,รับราชการ ประเภท,25-35 ปี,OTHER,LOW RISE,1590000,บางเขน,0.7071067811865476,0.7071067811865476,14.0,7.0,3.0,2018.0,28,5.0,1,195.0,3.0,1.0
17,ชาย,สภาพแวดล้อมที่ดีขึ้น,การดีไซน์รูปแบบอาคาร/แบบบ้าน,unknown,ไม่ได้เปรียบเทียบ,เงินสด,พักผ่อนส่วนตัว,unknown,51-60 ตร.ม.,6.01 - 7.0M,มากกว่า 2 หลัง,Missing,ป้ายหน้าโครงการ/รั้วโครงการ,ป้าย Fence ตรงโครงการ,"รถเก๋ง Luxury (Benz ,BMW ,Lexus ,Volvo ,Audi ,Mini Cooper)",ภายใน 1 เดือน,"200,001 - 300,000","150,001 - 200,000",unknown,unknown,เมอร์ซิเดส-เบนซ์ (Mercedes-Benz),อยู่เอง,unknown,สมรส มีบุตร (คน),อื่นๆ,45 ปีขึ้นไป,MODIZ,HIGH RISE,3990000,สุขุมวิท,-0.4999999999999997,-0.8660254037844388,22.0,6.0,2.0,2023.0,25,3.0,0,173.0,3.0,1.0
17,LGBT,ทำเลที่เดินทางสะดวกขึ้น,unknown,อื่นๆ,Other,unknown,unknown,unknown,51-60 ตร.ม.,3.01 - 3.5M,Missing,Missing,unknown,ป้ายสุขุมวิท 50,"ECO Car (Vios, Yaris, Jazz, City,  Mazda2 ...)",7 - 12 เดือน,"200,001 - 300,000","50,001 - 65,000",unknown,unknown,มาสด้า (Mazda),unknown,unknown,โสด,ธุรกิจส่วนตัว ประเภท,25-35 ปี,MODIZ,HIGH RISE,3990000,สุขุมวิท,-0.9659258262890684,-0.2588190451025206,30.0,12.0,4.0,2020.0,53,2.0,0,365.0,1.0,0.0
18,หญิง,ใกล้มหาวิทยาลัย,unknown,Other,ไม่ได้เปรียบเทียบ,unknown,ออกกำลังกาย,unknown,23-25 ตร.ม.,1.51 - 2.0M,Missing,Missing,Facebook โครงการ,unknown,"รถเก๋ง Luxury (Benz ,BMW ,Lexus ,Volvo ,Audi ,Mini Cooper)",ภายใน 1 เดือน,"200,001 - 300,000","150,001 - 200,000",unknown,unknown,เมอร์ซิเดส-เบนซ์ (Mercedes-Benz),unknown,unknown,สมรส มีบุตร (คน),ธุรกิจส่วนตัว ประเภท,36-45 ปี,KAVE,Campus Condo,2590000,พหลโยธิน,-0.2588190451025208,-0.9659258262890684,7.0,3.0,1.0,2021.0,9,6.0,1,66.0,2.0,0.0
18,unknown,unknown,unknown,unknown,unknown,unknown,unknown,unknown,Missing,Missing,Missing,บอกต่อ,unknown,unknown,Missing,Missing,Missing,Missing,unknown,unknown,unknown,unknown,unknown,unknown,unknown,Missing,KAVE,Campus Condo,2590000,พหลโยธิน,0.8660254037844387,-0.4999999999999998,3.0,12.0,4.0,2021.0,48,4.0,0,337.0,1.0,0.0
19,ชาย,unknown,unknown,unknown,unknown,unknown,unknown,unknown,30-34 ตร.ม.,3.01 - 3.5M,Missing,Missing,unknown,Other,Missing,7 - 12 เดือน,"120,001 - 140,000","120,001 - 150,000",unknown,unknown,โตโยต้า (Toyota),อยู่เอง,unknown,สมรส ไม่มีบุตร,พนักงานบริษัทเอกชน ประเภท,36-45 ปี,ATMOZ,LOW RISE,2490000,รัชดา,-0.2588190451025208,-0.9659258262890684,30.0,8.0,3.0,2022.0,35,1.0,0,242.0,3.0,0.0
19,หญิง,ใกล้โรงเรียนบุตรหลาน,ทำเล,unknown,ไม่ได้เปรียบเทียบ,ขอสินเชื่อ,พักผ่อนส่วนตัว,unknown,30-34 ตร.ม.,2.01 - 2.5M,หลังที่ 1,Missing,ป้ายโฆษณา,ป้ายบริเวณ รั้วโครงการ/หน้าโครงการ,"รถยนต์อเนกประสงค์ (SUV, MPV)",ภายใน 1 เดือน,"140,001 - 160,000","120,001 - 150,000",unknown,unknown,ฮอนด้า (Honda),อยู่เอง,unknown,สมรส มีบุตร (คน),ธุรกิจส่วนตัว ประเภท,36-45 ปี,ATMOZ,LOW RISE,2490000,รัชดา,-0.7071067811865471,-0.7071067811865479,29.0,5.0,2.0,2022.0,21,6.0,1,149.0,2.0,1.0
21,หญิง,ทำเลที่เดินทางสะดวกขึ้น,unknown,อยู่ระหว่างการตัดสินใจ,unknown,unknown,unknown,unknown,40-50 ตร.ม.,3.01 - 3.5M,Missing,Missing,unknown,unknown,"ECO Car (Vios, Yaris, Jazz, City,  Mazda2 ...)",1 - 3 เดือน,Missing,"40,001 - 50,000",unknown,unknown,โตโยต้า (Toyota),อยู่เอง,unknown,โสด,พนักงานบริษัทเอกชน ประเภท,25-35 ปี,OTHER,LOW RISE,1250000,บางเขน,-0.4999999999999997,-0.8660254037844388,1.0,2.0,1.0,2020.0,5,5.0,1,32.0,1.0,
21,unknown,unknown,unknown,unknown,unknown,unknown,unknown,unknown,Missing,Missing,Missing,Missing,อื่นๆ,unknown,Missing,Missing,Missing,Missing,unknown,unknown,unknown,unknown,unknown,unknown,unknown,Missing,OTHER,LOW RISE,1250000,บางเขน,-0.8660254037844385,-0.5000000000000004,16.0,1.0,1.0,2021.0,2,5.0,1,16.0,1.0,
22,unknown,unknown,unknown,unknown,unknown,unknown,unknown,unknown,Missing,1.51 - 2.0M,Missing,Missing,unknown,Other,Missing,Missing,"65,001 - 80,000","120,001 - 150,000",unknown,unknown,unknown,unknown,unknown,โสด,ธุรกิจส่วนตัว ประเภท,45 ปีขึ้นไป,BROWN,LOW RISE,2690000,รัชดา,0.4999999999999999,0.8660254037844387,7.0,4.0,2.0,2019.0,14,6.0,1,97.0,2.0,1.0
22,unknown,unknown,unknown,unknown,unknown,unknown,unknown,unknown,Missing,1.51 - 2.0M,Missing,Missing,unknown,Other,Missing,Missing,Missing,"20,001 - 30,000",unknown,unknown,unknown,unknown,unknown,โสด,unknown,25-35 ปี,BROWN,LOW RISE,2690000,รัชดา,0.8660254037844386,0.5000000000000001,23.0,3.0,1.0,2019.0,12,5.0,1,82.0,2.0,1.0
24,ชาย,unknown,unknown,อยู่ระหว่างการตัดสินใจ,unknown,unknown,unknown,unknown,101 -140 ตร.ม.,6.01 - 7.0M,Missing,Missing,Website โครงการ,unknown,Missing,Missing,Missing,"150,001 - 200,000",unknown,unknown,unknown,อยู่เอง,unknown,สมรส ไม่มีบุตร,unknown,25-35 ปี,MODIZ,HIGH RISE,2390000,ลาดพร้าว,-0.9659258262890684,-0.2588190451025206,5.0,10.0,4.0,2019.0,40,5.0,1,278.0,4.0,
25,unknown,unknown,unknown,unknown,unknown,unknown,unknown,unknown,Missing,3.01 - 3.5M,Missing,Missing,Website โครงการ,unknown,Missing,Missing,Missing,"40,001 - 50,000",unknown,unknown,unknown,unknown,unknown,โสด,พนักงานบริษัทเอกชน ประเภท,Missing,WYNN,LOW RISE,1760000,ลาดพร้าว,0.9659258262890684,0.2588190451025207,18.0,1.0,1.0,2019.0,3,4.0,0,18.0,1.0,1.0
25,unknown,แต่งงาน/สร้างครอบครัวใหม่,unknown,unknown,unknown,unknown,unknown,unknown,Missing,2.01 - 2.5M,Missing,Missing,unknown,unknown,Missing,Missing,Missing,"80,001 - 100,000",unknown,unknown,unknown,unknown,unknown,โสด,ธุรกิจส่วนตัว ประเภท,Missing,WYNN,LOW RISE,1760000,ลาดพร้าว,0.7071067811865476,0.7071067811865476,8.0,1.0,1.0,2019.0,2,1.0,0,8.0,1.0,1.0
26,unknown,unknown,unknown,unknown,unknown,unknown,unknown,unknown,Missing,1.51 - 2.0M,Missing,Missing,unknown,unknown,Missing,Missing,Missing,Missing,unknown,unknown,unknown,unknown,unknown,unknown,unknown,Missing,KAVE,Campus Condo,2700000,พหลโยธิน,0.0,1.0,19.0,11.0,4.0,2021.0,46,4.0,0,323.0,4.0,0.0
26,ชาย,unknown,unknown,unknown,unknown,ขอสินเชื่อ,ออกกำลังกาย,"กิจกรรมการกุศล เช่น บริจาคสิ่งของ, บริจาคโลหิต",Missing,1.51 - 2.0M,มากกว่า 2 หลัง,Missing,ลูกค้าเก่า AssetWise,unknown,Missing,ภายใน 1 เดือน,"200,001 - 300,000","150,001 - 200,000",วิ่ง Jogging,ปล่อยเช่า (กรุณาระบุอัตราค่าเช่าที่คาดหวัง บาท/เดือน),unknown,unknown,unknown,สมรส ไม่มีบุตร,ธุรกิจส่วนตัว ประเภท,45 ปีขึ้นไป,KAVE,Campus Condo,2700000,พหลโยธิน,-0.9659258262890684,-0.2588190451025206,21.0,8.0,3.0,2019.0,34,2.0,0,233.0,3.0,1.0
27,ชาย,ราคา,ทำเล,unknown,ไม่ได้เปรียบเทียบ,ขอสินเชื่อ,Shopping,unknown,30-34 ตร.ม.,3.01 - 3.5M,หลังที่ 1,Missing,อื่นๆ,unknown,"ECO Car (Vios, Yaris, Jazz, City,  Mazda2 ...)",ภายใน 1 เดือน,"35,001 - 50,000","40,001 - 50,000",unknown,unknown,โตโยต้า (Toyota),อยู่เอง,unknown,โสด,พนักงานบริษัทเอกชน ประเภท,25-35 ปี,IVORY,LOW RISE,2390000,รัชดา,1.2246467991473532e-16,-1.0,21.0,12.0,4.0,2024.0,51,5.0,1,356.0,1.0,1.0
27,หญิง,unknown,unknown,อื่นๆ,อื่นๆ โปรดระบุ,unknown,ท่องเที่ยว,unknown,23-25 ตร.ม.,2.01 - 2.5M,Missing,Missing,อื่นๆ,unknown,"ECO Car (Vios, Yaris, Jazz, City,  Mazda2 ...)",4 - 6 เดือน,"200,001 - 300,000","120,001 - 150,000",unknown,unknown,โตโยต้า (Toyota),ปล่อยเช่า,unknown,โสด,ธุรกิจส่วนตัว ประเภท,25-35 ปี,IVORY,LOW RISE,2390000,รัชดา,-1.0,-1.8369701987210294e-16,7.0,10.0,4.0,2023.0,40,5.0,1,280.0,4.0,0.0
28,ชาย,ใกล้ที่ทำงาน,ทำเล,unknown,ไม่ได้เปรียบเทียบ,ขอสินเชื่อ,พักผ่อนส่วนตัว,unknown,น้อยกว่า 23  ตร.ม.,1.01 - 1.5M,หลังที่ 1,Missing,Facebook โครงการ,ป้าย Fence ตรงโครงการ,"รถเก๋ง Size M (Civic, Altis ...)",ภายใน 1 เดือน,"20,001 - 35,000","20,001 - 30,000",unknown,unknown,ฮอนด้า (Honda),อยู่เอง,unknown,โสด,พนักงานบริษัทเอกชน ประเภท,25-35 ปี,ATMOZ,LOW RISE,1490000,แจ้งวัฒนะ,-0.7071067811865471,-0.7071067811865479,4.0,12.0,4.0,2021.0,48,5.0,1,338.0,1.0,1.0
28,ชาย,ทำเลที่เดินทางสะดวกขึ้น,unknown,อยู่ระหว่างการตัดสินใจ,Other,unknown,พักผ่อนส่วนตัว,unknown,35-39 ตร.ม.,1.01 - 1.5M,Missing,Missing,Google Search,ป้าย Fence ตรงโครงการ,"ECO Car (Vios, Yaris, Jazz, City,  Mazda2 ...)",ภายใน 1 เดือน,"65,001 - 80,000","65,001 - 80,000",unknown,unknown,ฮอนด้า (Honda),อยู่เอง,unknown,สมรส มีบุตร (คน),รับราชการ ประเภท,36-45 ปี,ATMOZ,LOW RISE,1490000,แจ้งวัฒนะ,-0.9659258262890684,-0.2588190451025206,18.0,9.0,3.0,2021.0,37,5.0,1,261.0,4.0,0.0
29,หญิง,อื่นๆ,unknown,unknown,อื่นๆ โปรดระบุ,unknown,unknown,unknown,40-50 ตร.ม.,5.01 - 6.0M,Missing,Missing,ป้ายหน้าโครงการ/รั้วโครงการ,ป้ายบริเวณ ข้าง/หน้า สำนักงานขาย,"ECO Car (Vios, Yaris, Jazz, City,  Mazda2 ...)",7 - 12 เดือน,"80,001 - 100,000","80,001 - 100,000",unknown,unknown,ฮอนด้า (Honda),อยู่เอง,unknown,โสด,พนักงานบริษัทเอกชน ประเภท,25-35 ปี,MODIZ,HIGH RISE,3590000,บางโพ,-0.4999999999999997,-0.8660254037844388,10.0,6.0,2.0,2020.0,24,2.0,0,162.0,3.0,0.0
29,ชาย,ใกล้ที่ทำงาน,unknown,unknown,อื่นๆ โปรดระบุ,unknown,unknown,unknown,26-29 ตร.ม.,2.01 - 2.5M,Missing,Missing,ป้ายหน้าโครงการ/รั้วโครงการ,ป้ายบริเวณ รั้วโครงการ/หน้าโครงการ,"ECO Car (Vios, Yaris, Jazz, City,  Mazda2 ...)",มากกว่า 1 ปี,"35,001 - 50,000","40,001 - 50,000",unknown,unknown,โตโยต้า (Toyota),อยู่เอง,Other,โสด,รับราชการ ประเภท,25-35 ปี,MODIZ,HIGH RISE,3590000,บางโพ,-0.7071067811865471,-0.7071067811865479,9.0,9.0,3.0,2023.0,36,5.0,1,252.0,4.0,0.0
30,หญิง,ใกล้ที่ทำงาน,unknown,อื่นๆ,unknown,ขอสินเชื่อ,unknown,unknown,35-39 ตร.ม.,1.51 - 2.0M,หลังที่ 2,Missing,ป้ายหน้าโครงการ/รั้วโครงการ,unknown,Missing,ภายใน 1 เดือน,"65,001 - 80,000","50,001 - 65,000",unknown,unknown,unknown,unknown,unknown,สมรส มีบุตร (คน),พนักงานบริษัทเอกชน ประเภท,45 ปีขึ้นไป,KAVE,Campus Condo,1670000,รามอินทรา-วัชรพล,-0.9659258262890684,0.2588190451025203,29.0,9.0,3.0,2019.0,39,6.0,1,272.0,4.0,1.0
30,หญิง,ทำเลที่เดินทางสะดวกขึ้น,unknown,unknown,ไม่ได้เปรียบเทียบ,ขอสินเชื่อ,unknown,unknown,23-25 ตร.ม.,1.51 - 2.0M,หลังที่ 1,Missing,ป้ายหน้าโครงการ/รั้วโครงการ,unknown,"รถยนต์อเนกประสงค์ (SUV, MPV)",ภายใน 1 เดือน,"80,001 - 100,000","20,001 - 30,000",unknown,unknown,อื่นๆ,อยู่เอง,unknown,โสด,พนักงานบริษัทเอกชน ประเภท,ต่ำกว่า 25 ปี,KAVE,Campus Condo,1670000,รามอินทรา-วัชรพล,-1.0,-1.8369701987210294e-16,6.0,7.0,3.0,2020.0,28,0.0,0,188.0,3.0,1.0
31,หญิง,ทำเลที่เดินทางสะดวกขึ้น,ราคา/ความคุ้มค่า,อยู่ระหว่างการตัดสินใจ,ไม่ได้เปรียบเทียบ,ขอสินเชื่อ,พักผ่อนส่วนตัว,unknown,23-25 ตร.ม.,3.01 - 3.5M,หลังที่ 2,Missing,เพื่อน/ญาติแนะนำ,unknown,Missing,ภายใน 1 เดือน,"20,001 - 35,000","20,001 - 30,000",unknown,unknown,unknown,อยู่เอง,unknown,โสด,พนักงานรัฐวิสาหกิจ ประเภท,25-35 ปี,MODIZ,HIGH RISE,2690000,รามคำแหง,-0.2588190451025208,-0.9659258262890684,18.0,2.0,1.0,2024.0,7,6.0,1,49.0,1.0,1.0
31,ชาย,ทำเลที่เดินทางสะดวกขึ้น,unknown,รอพาคนตัดสินใจมาดู,Other,unknown,พักผ่อนส่วนตัว,unknown,26-29 ตร.ม.,2.01 - 2.5M,Missing,Missing,Other,ป้าย Fence หน้าโครงการ,"ECO Car (Vios, Yaris, Jazz, City,  Mazda2 ...)",1 - 3 เดือน,"20,001 - 35,000","20,001 - 30,000",unknown,unknown,ฮอนด้า (Honda),อยู่เอง,unknown,โสด,พนักงานบริษัทเอกชน ประเภท,36-45 ปี,MODIZ,HIGH RISE,2690000,รามคำแหง,-0.9659258262890684,0.2588190451025203,28.0,7.0,3.0,2020.0,31,1.0,0,210.0,3.0,0.0
45,unknown,unknown,ทำเล,unknown,unknown,เงินสด,unknown,unknown,Missing,2.51 - 3.0M,หลังที่ 1,Missing,Facebook,unknown,Missing,Missing,Missing,"15,001 - 20,000",unknown,unknown,unknown,unknown,unknown,unknown,อื่นๆ,ต่ำกว่า 25 ปี,MODIZ,HIGH RISE,2510000,รังสิต,-0.5000000000000004,0.8660254037844384,28.0,5.0,2.0,2023.0,21,6.0,1,148.0,2.0,0.0
45,หญิง,unknown,unknown,Other,อื่นๆ โปรดระบุ,unknown,ท่องเที่ยว,unknown,23-25 ตร.ม.,2.01 - 2.5M,Missing,Missing,Facebook,ป้ายบริเวณ รั้วโครงการ/หน้าโครงการ,"รถเก๋ง Size L (Accord, Camry ...)",1 - 3 เดือน,"200,001 - 300,000","100,001 - 120,000",unknown,unknown,ฮอนด้า (Honda),อยู่เอง,unknown,สมรส มีบุตร (คน),อื่นๆ,45 ปีขึ้นไป,MODIZ,HIGH RISE,2510000,รังสิต,-0.2588190451025215,0.965925826289068,25.0,2.0,1.0,2023.0,8,5.0,1,56.0,1.0,0.0
46,หญิง,ใกล้มหาวิทยาลัย,ทำเล,อยู่ระหว่างการตัดสินใจ,ไม่ได้เปรียบเทียบ,ขอสินเชื่อ,พักผ่อนส่วนตัว,unknown,น้อยกว่า 23  ตร.ม.,1.51 - 2.0M,หลังที่ 1,Missing,ป้ายโฆษณา,ป้ายบริเวณ รั้วโครงการ/หน้าโครงการ,"รถเก๋ง Size L (Accord, Camry ...)",1 - 3 เดือน,"100,001 - 120,000","100,001 - 120,000",unknown,unknown,โตโยต้า (Toyota),ปล่อยเช่า,Other,สมรส มีบุตร (คน),รับราชการ ประเภท,45 ปีขึ้นไป,KAVE,Campus Condo,2590000,ศาลายา,-1.0,-1.8369701987210294e-16,5.0,10.0,4.0,2022.0,40,2.0,0,278.0,4.0,1.0
46,ชาย,unknown,unknown,กังวลเรื่องสินเชื่อ,ไม่ได้เปรียบเทียบ,unknown,พักผ่อนส่วนตัว,unknown,น้อยกว่า 23  ตร.ม.,1.51 - 2.0M,Missing,Missing,Facebook Assetwise,ป้ายบริเวณ รั้วโครงการ/หน้าโครงการ,"ECO Car (Vios, Yaris, Jazz, City,  Mazda2 ...)",มากกว่า 1 ปี,"65,001 - 80,000","50,001 - 65,000",unknown,unknown,อื่นๆ,อยู่เอง,Other,สมรส มีบุตร (คน),รับราชการ ประเภท,45 ปีขึ้นไป,KAVE,Campus Condo,2590000,ศาลายา,-0.9659258262890684,-0.2588190451025206,24.0,3.0,1.0,2023.0,12,4.0,0,83.0,2.0,0.0
47,หญิง,ใกล้มหาวิทยาลัย,unknown,unknown,unknown,unknown,unknown,unknown,23-25 ตร.ม.,1.01 - 1.5M,Missing,Missing,unknown,unknown,Missing,Missing,"180,001 - 200,000","150,001 - 200,000",unknown,unknown,unknown,อยู่เอง,unknown,โสด,อื่นๆ,ต่ำกว่า 25 ปี,KAVE,Campus Condo,1790000,Other,-1.0,-1.8369701987210294e-16,9.0,9.0,3.0,2022.0,36,4.0,0,252.0,4.0,0.0
47,ชาย,ใกล้มหาวิทยาลัย,ราคา/ความคุ้มค่า,unknown,unknown,ขอสินเชื่อ,Shopping,unknown,26-29 ตร.ม.,2.01 - 2.5M,หลังที่ 1,Missing,เพื่อน/ญาติแนะนำ,unknown,Missing,ภายใน 1 เดือน,"80,001 - 100,000","120,001 - 150,000",unknown,unknown,unknown,อยู่เอง,unknown,สมรส ไม่มีบุตร,ธุรกิจส่วนตัว ประเภท,45 ปีขึ้นไป,KAVE,Campus Condo,1790000,Other,-0.8660254037844385,-0.5000000000000004,17.0,2.0,1.0,2024.0,7,5.0,1,48.0,1.0,1.0
48,หญิง,ลงทุน/ปล่อยเช่า,unknown,unknown,ไม่ได้เปรียบเทียบ,unknown,unknown,unknown,น้อยกว่า 23  ตร.ม.,1.51 - 2.0M,Missing,Missing,Facebook โครงการ,unknown,Missing,1 - 3 เดือน,"50,001 - 65,000","50,001 - 65,000",unknown,unknown,unknown,ปล่อยเช่า,unknown,unknown,พนักงานบริษัทเอกชน ประเภท,36-45 ปี,KAVE,Campus Condo,1790000,บางนา,1.2246467991473532e-16,-1.0,12.0,3.0,1.0,2023.0,10,6.0,1,71.0,2.0,0.0
48,ชาย,unknown,unknown,อยู่ระหว่างการตัดสินใจ,unknown,unknown,unknown,unknown,26-29 ตร.ม.,1.51 - 2.0M,Missing,Missing,Facebook Assetwise,unknown,"รถเก๋ง Size L (Accord, Camry ...)",Missing,Missing,Missing,unknown,unknown,Other,อยู่เอง,ถ.พหลโยธินฯ,สมรส มีบุตร (คน),อื่นๆ,45 ปีขึ้นไป,KAVE,Campus Condo,1790000,บางนา,-0.8660254037844385,-0.5000000000000004,28.0,5.0,2.0,2024.0,22,1.0,0,149.0,2.0,0.0
49,หญิง,Other,unknown,Other,unknown,unknown,พักผ่อนส่วนตัว,unknown,51-60 ตร.ม.,4.51 - 5.0M,Missing,Missing,ป้ายโฆษณา,ป้ายหน้าโครงการ,"รถเก๋ง Size M (Civic, Altis ...)",1 - 3 เดือน,Missing,"120,001 - 150,000",unknown,unknown,ฮอนด้า (Honda),อยู่เอง,Other,สมรส มีบุตร (คน),ธุรกิจส่วนตัว ประเภท,45 ปีขึ้นไป,MODIZ,HIGH RISE,2390000,Other,-1.0,-1.8369701987210294e-16,24.0,1.0,1.0,2024.0,4,2.0,0,24.0,1.0,0.0
49,LGBT,สภาพแวดล้อมที่ดีขึ้น,unknown,ราคาสูงกว่างบประมาณในการซื้อ,unknown,unknown,พักผ่อนส่วนตัว,unknown,น้อยกว่า 23  ตร.ม.,2.51 - 3.0M,Missing,Missing,Facebook Assetwise,Other,"ECO Car (Vios, Yaris, Jazz, City,  Mazda2 ...)",1 - 3 เดือน,Missing,"20,001 - 30,000",unknown,unknown,โตโยต้า (Toyota),อยู่เอง,Other,โสด,รับราชการ ประเภท,25-35 ปี,MODIZ,HIGH RISE,2390000,Other,-0.4999999999999997,-0.8660254037844388,1.0,11.0,4.0,2023.0,44,2.0,0,305.0,4.0,0.0
50,หญิง,ใกล้มหาวิทยาลัย,มีโอกาสในการลงทุน,unknown,unknown,ขอสินเชื่อ,ดูหนัง,unknown,23-25 ตร.ม.,1.51 - 2.0M,หลังที่ 1,Missing,Facebook,unknown,"ECO Car (Vios, Yaris, Jazz, City,  Mazda2 ...)",ภายใน 1 เดือน,"35,001 - 50,000","40,001 - 50,000",unknown,unknown,unknown,ปล่อยเช่า,unknown,โสด,อื่นๆ,25-35 ปี,KAVE,Campus Condo,1690000,รังสิต,-0.8660254037844385,-0.5000000000000004,29.0,1.0,1.0,2023.0,4,6.0,1,29.0,1.0,1.0
50,unknown,unknown,unknown,unknown,unknown,unknown,พักผ่อนส่วนตัว,unknown,Missing,1.51 - 2.0M,Missing,Missing,ลูกค้าเก่า AssetWise,ป้ายบริเวณ รั้วโครงการ/หน้าโครงการ,Missing,Missing,Missing,"100,001 - 120,000",unknown,unknown,unknown,unknown,unknown,unknown,ธุรกิจส่วนตัว ประเภท,45 ปีขึ้นไป,KAVE,Campus Condo,1690000,รังสิต,-0.9659258262890684,0.2588190451025203,11.0,6.0,2.0,2023.0,23,6.0,1,162.0,3.0,0.0
51,ชาย,ใกล้ที่ทำงาน,unknown,กังวลเรื่องสินเชื่อ,ไม่ได้เปรียบเทียบ,unknown,พักผ่อนส่วนตัว,unknown,23-25 ตร.ม.,1.51 - 2.0M,Missing,Missing,Facebook โครงการ,ป้ายบริเวณ ข้าง/หน้า สำนักงานขาย,"รถยนต์อเนกประสงค์ (SUV, MPV)",1 - 3 เดือน,"35,001 - 50,000","40,001 - 50,000",unknown,unknown,มิตซูบิชิ (Mitsubishi),อยู่เอง,unknown,โสด,พนักงานบริษัทเอกชน ประเภท,36-45 ปี,ATMOZ,LOW RISE,1790000,ศรีราชา,1.2246467991473532e-16,-1.0,11.0,11.0,4.0,2024.0,46,0.0,0,316.0,4.0,0.0
51,หญิง,ลงทุน/ปล่อยเช่า,Other,อื่นๆ,ไม่ได้เปรียบเทียบ,ขอสินเชื่อ,ออกกำลังกาย,unknown,น้อยกว่า 23  ตร.ม.,1.51 - 2.0M,หลังที่ 1,Missing,Facebook Assetwise,Other,ไม่มีรถ,1 - 3 เดือน,"20,001 - 35,000","20,001 - 30,000",unknown,unknown,ไม่มีรถ,ปล่อยเช่า,unknown,โสด,พนักงานบริษัทเอกชน ประเภท,ต่ำกว่า 25 ปี,ATMOZ,LOW RISE,1790000,ศรีราชา,-0.4999999999999997,-0.8660254037844388,25.0,7.0,3.0,2024.0,30,3.0,0,207.0,3.0,1.0
52,ชาย,แต่งงาน/สร้างครอบครัวใหม่,unknown,unknown,อื่นๆ โปรดระบุ,unknown,unknown,unknown,26-29 ตร.ม.,1.51 - 2.0M,Missing,Missing,Facebook Assetwise,ป้ายบริเวณ ข้าง/หน้า สำนักงานขาย,มอเตอร์ไซค์,ภายใน 1 เดือน,"20,001 - 35,000","20,001 - 30,000",unknown,unknown,อื่นๆ,อยู่เอง,unknown,โสด,พนักงานบริษัทเอกชน ประเภท,25-35 ปี,ATMOZ,LOW RISE,1690000,บางนา,-1.0,-1.8369701987210294e-16,27.0,4.0,2.0,2024.0,17,5.0,1,118.0,2.0,0.0
52,หญิง,ทำเลที่เดินทางสะดวกขึ้น,ทำเล,unknown,Origin Property ระบุโครงการ,ขอสินเชื่อ,unknown,unknown,26-29 ตร.ม.,2.01 - 2.5M,หลังที่ 1,Missing,Other,unknown,"รถเก๋ง Size M (Civic, Altis ...)",ภายใน 1 เดือน,"80,001 - 100,000","120,001 - 150,000",unknown,unknown,มาสด้า (Mazda),อยู่เอง,unknown,โสด,พนักงานบริษัทเอกชน ประเภท,36-45 ปี,ATMOZ,LOW RISE,1690000,บางนา,-0.4999999999999997,-0.8660254037844388,22.0,7.0,3.0,2023.0,29,5.0,1,203.0,3.0,1.0
59,ชาย,ใกล้ที่ทำงาน,ทำเล,อยู่ระหว่างการตัดสินใจ,unknown,ขอสินเชื่อ,ออกกำลังกาย,unknown,23-25 ตร.ม.,1.01 - 1.5M,หลังที่ 1,Missing,ป้ายโฆษณา,ป้ายบริเวณ รั้วโครงการ/หน้าโครงการ,"ECO Car (Vios, Yaris, Jazz, City,  Mazda2 ...)",4 - 6 เดือน,Missing,"15,001 - 20,000",unknown,unknown,โตโยต้า (Toyota),อยู่เอง,Other,โสด,พนักงานบริษัทเอกชน ประเภท,25-35 ปี,ATMOZ,LOW RISE,1490000,รังสิต,-0.4999999999999997,-0.8660254037844388,15.0,3.0,1.0,2022.0,11,1.0,0,74.0,2.0,1.0
59,LGBT,ราคา,unknown,unknown,unknown,unknown,unknown,unknown,26-29 ตร.ม.,2.01 - 2.5M,Missing,Missing,เพื่อน/ญาติแนะนำ,ป้ายบริเวณ รั้วโครงการ/หน้าโครงการ,Missing,ภายใน 1 เดือน,Missing,"20,001 - 30,000",unknown,unknown,unknown,อยู่เอง,Other,โสด,พนักงานบริษัทเอกชน ประเภท,25-35 ปี,ATMOZ,LOW RISE,1490000,รังสิต,-0.9659258262890684,-0.2588190451025206,28.0,5.0,2.0,2022.0,21,5.0,1,148.0,2.0,0.0
60,ชาย,ใกล้ที่ทำงาน,ราคา/ความคุ้มค่า,อื่นๆ,ไม่ได้เปรียบเทียบ,ขอสินเชื่อ,พักผ่อนส่วนตัว,unknown,23-25 ตร.ม.,1.51 - 2.0M,หลังที่ 1,Missing,Website โครงการ,ป้ายบริเวณ รั้วโครงการ/หน้าโครงการ,"ECO Car (Vios, Yaris, Jazz, City,  Mazda2 ...)",ภายใน 1 เดือน,"20,001 - 35,000","15,001 - 20,000",unknown,unknown,โตโยต้า (Toyota),อยู่เอง,Other,โสด,พนักงานบริษัทเอกชน ประเภท,25-35 ปี,ATMOZ,LOW RISE,1790000,อ่อนนุช,-0.8660254037844385,-0.5000000000000004,14.0,1.0,1.0,2023.0,2,5.0,1,14.0,1.0,1.0
60,หญิง,ทำเลที่เดินทางสะดวกขึ้น,unknown,อยู่ระหว่างการตัดสินใจ,ไม่ได้เปรียบเทียบ,unknown,ท่องเที่ยว,unknown,23-25 ตร.ม.,1.51 - 2.0M,Missing,Missing,อื่นๆ,ป้ายบริเวณ รั้วโครงการ/หน้าโครงการ,"รถเก๋ง Size M (Civic, Altis ...)",มากกว่า 1 ปี,"20,001 - 35,000","20,001 - 30,000",unknown,unknown,โตโยต้า (Toyota),อยู่เอง,ถ.อ่อนนุช(จากทางสุขุมวิท),โสด,พนักงานบริษัทเอกชน ประเภท,25-35 ปี,ATMOZ,LOW RISE,1790000,อ่อนนุช,0.258819045102521,-0.9659258262890682,13.0,2.0,1.0,2025.0,7,3.0,0,44.0,1.0,0.0
61,หญิง,unknown,unknown,ราคาสูงกว่างบประมาณในการซื้อ,unknown,unknown,พักผ่อนส่วนตัว,unknown,26-29 ตร.ม.,1.51 - 2.0M,Missing,Missing,Google Search,unknown,ไม่มีรถ,4 - 6 เดือน,Missing,"20,001 - 30,000",unknown,unknown,ไม่มีรถ,อยู่เอง,unknown,โสด,รับราชการ ประเภท,25-35 ปี,KAVE,Campus Condo,2290000,เกษตร-นวมินทร์,-0.4999999999999997,-0.8660254037844388,17.0,12.0,4.0,2023.0,50,6.0,1,351.0,1.0,0.0
61,หญิง,ทำเลที่เดินทางสะดวกขึ้น,ทำเล,unknown,unknown,ขอสินเชื่อ,unknown,unknown,26-29 ตร.ม.,2.01 - 2.5M,หลังที่ 2,Missing,ป้ายหน้าโครงการ/รั้วโครงการ,Other,"รถเก๋ง Size M (Civic, Altis ...)",ภายใน 1 เดือน,"180,001 - 200,000","100,001 - 120,000",unknown,unknown,นิสสัน (Nissan),อยู่เอง,Other,สมรส มีบุตร (คน),รับราชการ ประเภท,45 ปีขึ้นไป,KAVE,Campus Condo,2290000,เกษตร-นวมินทร์,-0.8660254037844385,-0.5000000000000004,8.0,2.0,1.0,2024.0,6,3.0,0,39.0,1.0,1.0
62,หญิง,ทำเลที่เดินทางสะดวกขึ้น,unknown,unknown,Other,unknown,พักผ่อนส่วนตัว,unknown,23-25 ตร.ม.,2.01 - 2.5M,Missing,Missing,ป้ายโฆษณา,ป้ายบริเวณ รั้วโครงการ/หน้าโครงการ,"ECO Car (Vios, Yaris, Jazz, City,  Mazda2 ...)",7 - 12 เดือน,"65,001 - 80,000","50,001 - 65,000",unknown,unknown,โตโยต้า (Toyota),อยู่เอง,Other,โสด,พนักงานบริษัทเอกชน ประเภท,25-35 ปี,ATMOZ,LOW RISE,1590000,ปากเกร็ด,-0.4999999999999997,-0.8660254037844388,14.0,8.0,3.0,2023.0,33,0.0,0,226.0,3.0,0.0
62,ชาย,ทำเลที่เดินทางสะดวกขึ้น,unknown,อื่นๆ,อื่นๆ โปรดระบุ,unknown,ท่องเที่ยว,unknown,30-34 ตร.ม.,2.51 - 3.0M,Missing,Missing,ป้ายโฆษณา,ป้ายบริเวณ รั้วโครงการ/หน้าโครงการ,"รถเก๋ง Size L (Accord, Camry ...)",1 - 3 เดือน,"65,001 - 80,000","65,001 - 80,000",unknown,unknown,ฮอนด้า (Honda),อยู่เอง,Other,โสด,อื่นๆ,25-35 ปี,ATMOZ,LOW RISE,1590000,ปากเกร็ด,-0.9659258262890684,-0.2588190451025206,25.0,6.0,2.0,2022.0,25,5.0,1,176.0,3.0,0.0
63,ชาย,ราคา,unknown,กังวลเรื่องสินเชื่อ,ไม่ได้เปรียบเทียบ,unknown,พักผ่อนส่วนตัว,unknown,30-34 ตร.ม.,2.01 - 2.5M,Missing,Missing,Website โครงการ,Other,"รถเก๋ง Size M (Civic, Altis ...)",7 - 12 เดือน,"35,001 - 50,000","40,001 - 50,000",unknown,unknown,ฮอนด้า (Honda),อยู่เอง,Other,โสด,อื่นๆ,25-35 ปี,ATMOZ,LOW RISE,1490000,มีนบุรี,-0.4999999999999997,-0.8660254037844388,27.0,2.0,1.0,2025.0,9,3.0,0,58.0,1.0,0.0
63,หญิง,สภาพแวดล้อมที่ดีขึ้น,ทำเล,ทำเลที่ตั้งโครงการ,อื่นๆ โปรดระบุ,ขอสินเชื่อ,unknown,unknown,30-34 ตร.ม.,2.01 - 2.5M,หลังที่ 2,Missing,อื่นๆ,unknown,"ECO Car (Vios, Yaris, Jazz, City,  Mazda2 ...)",ภายใน 1 เดือน,Missing,"65,001 - 80,000",unknown,unknown,โตโยต้า (Toyota),อยู่เอง,Other,โสด,ธุรกิจส่วนตัว ประเภท,45 ปีขึ้นไป,ATMOZ,LOW RISE,1490000,มีนบุรี,-0.8660254037844385,-0.5000000000000004,10.0,7.0,3.0,2024.0,28,2.0,0,192.0,3.0,1.0
66,หญิง,ใกล้มหาวิทยาลัย,สิ่งอำนวยความสะดวกในโครงการ,อยู่ระหว่างการตัดสินใจ,ไม่ได้เปรียบเทียบ,ขอสินเชื่อ,ดูทีวี/ฟังเพลง,unknown,26-29 ตร.ม.,2.01 - 2.5M,หลังที่ 1,Missing,ป้ายโฆษณา,ป้ายบริเวณ ข้าง/หน้า สำนักงานขาย,"ECO Car (Vios, Yaris, Jazz, City,  Mazda2 ...)",ภายใน 1 เดือน,"120,001 - 140,000","50,001 - 65,000",unknown,unknown,โตโยต้า (Toyota),เก็บเป็นทรัพย์สิน,unknown,โสด,พนักงานบริษัทเอกชน ประเภท,25-35 ปี,KAVE,Campus Condo,1890000,บางแสน,-0.9659258262890684,0.2588190451025203,2.0,6.0,2.0,2024.0,22,6.0,1,154.0,3.0,1.0
66,หญิง,ลงทุน/ปล่อยเช่า,มีโอกาสในการลงทุน,อื่นๆ,ไม่ได้เปรียบเทียบ,ขอสินเชื่อ,พักผ่อนส่วนตัว,unknown,23-25 ตร.ม.,1.51 - 2.0M,หลังที่ 2,Missing,ลูกค้าเก่า AssetWise,ป้ายบริเวณ ข้าง/หน้า สำนักงานขาย,"รถเก๋ง Luxury (Benz ,BMW ,Lexus ,Volvo ,Audi ,Mini Cooper)",ภายใน 1 เดือน,"80,001 - 100,000","40,001 - 50,000",unknown,unknown,อื่นๆ,ปล่อยเช่า,unknown,โสด,พนักงานบริษัทเอกชน ประเภท,25-35 ปี,KAVE,Campus Condo,1890000,บางแสน,-1.0,-1.8369701987210294e-16,19.0,3.0,1.0,2023.0,11,6.0,1,78.0,2.0,1.0
71,หญิง,สภาพแวดล้อมที่ดีขึ้น,unknown,อยู่ระหว่างการตัดสินใจ,ไม่ได้เปรียบเทียบ,unknown,ดูทีวี/ฟังเพลง,unknown,30-34 ตร.ม.,3.01 - 3.5M,Missing,Missing,ป้ายโฆษณา,ป้ายบริเวณ รั้วโครงการ/หน้าโครงการ,"ECO Car (Vios, Yaris, Jazz, City,  Mazda2 ...)",1 - 3 เดือน,"35,001 - 50,000","40,001 - 50,000",unknown,unknown,โตโยต้า (Toyota),อยู่เอง,Other,โสด,พนักงานบริษัทเอกชน ประเภท,25-35 ปี,ATMOZ,LOW RISE,1890000,ลาดพร้าว-วังหิน,0.7071067811865476,-0.7071067811865475,5.0,8.0,3.0,2023.0,31,5.0,1,217.0,3.0,0.0
71,หญิง,ราคา,unknown,อยู่ระหว่างการตัดสินใจ,อื่นๆ โปรดระบุ,unknown,พักผ่อนส่วนตัว,unknown,23-25 ตร.ม.,1.51 - 2.0M,Missing,Missing,ป้ายโฆษณา,ป้ายบริเวณ รั้วโครงการ/หน้าโครงการ,"รถเก๋ง Size L (Accord, Camry ...)",7 - 12 เดือน,"80,001 - 100,000","80,001 - 100,000",unknown,unknown,ฮอนด้า (Honda),อยู่เอง,Other,โสด,อื่นๆ,45 ปีขึ้นไป,ATMOZ,LOW RISE,1890000,ลาดพร้าว-วังหิน,-1.0,-1.8369701987210294e-16,25.0,6.0,2.0,2023.0,25,6.0,1,176.0,3.0,0.0
72,หญิง,สภาพแวดล้อมที่ดีขึ้น,unknown,unknown,unknown,unknown,Shopping,unknown,23-25 ตร.ม.,1.51 - 2.0M,Missing,Missing,unknown,ป้ายบริเวณ รั้วโครงการ/หน้าโครงการ,"รถเก๋ง Size L (Accord, Camry ...)",4 - 6 เดือน,Missing,"20,001 - 30,000",unknown,unknown,Other,เก็บเป็นทรัพย์สิน,Other,สมรส ไม่มีบุตร,พนักงานรัฐวิสาหกิจ ประเภท,25-35 ปี,ATMOZ,LOW RISE,1490000,ลาดกระบัง,-0.8660254037844385,-0.5000000000000004,26.0,3.0,1.0,2023.0,12,6.0,1,85.0,2.0,0.0
72,หญิง,ซื้อเก็บเป็นทรัพย์สิน,ราคา/ความคุ้มค่า,unknown,unknown,สิทธิ์สวัสดิการ,ออกกำลังกาย,unknown,26-29 ตร.ม.,1.51 - 2.0M,หลังที่ 2,Missing,Website โครงการ,ป้ายบริเวณ รั้วโครงการ/หน้าโครงการ,"รถเก๋ง Size M (Civic, Altis ...)",1 - 3 เดือน,Missing,"20,001 - 30,000",unknown,unknown,ฮอนด้า (Honda),ปล่อยเช่า,Other,โสด,รับราชการ ประเภท,25-35 ปี,ATMOZ,LOW RISE,1490000,ลาดกระบัง,-0.9659258262890684,-0.2588190451025206,26.0,8.0,3.0,2023.0,34,5.0,1,238.0,3.0,1.0
74,หญิง,ลงทุน/ปล่อยเช่า,มีโอกาสในการลงทุน,อื่นๆ,unknown,ขอสินเชื่อ,พักผ่อนส่วนตัว,unknown,26-29 ตร.ม.,1.51 - 2.0M,หลังที่ 2,Missing,Facebook Assetwise,ป้ายบริเวณ ข้าง/หน้า สำนักงานขาย,"รถเก๋ง Size L (Accord, Camry ...)",ภายใน 1 เดือน,"35,001 - 50,000","40,001 - 50,000",unknown,unknown,มิตซูบิชิ (Mitsubishi),ปล่อยเช่า,unknown,โสด,พนักงานบริษัทเอกชน ประเภท,36-45 ปี,KAVE,Campus Condo,1390000,รังสิต,-0.5000000000000004,0.8660254037844384,13.0,3.0,1.0,2023.0,11,0.0,0,72.0,2.0,1.0
74,unknown,unknown,unknown,ราคาสูงกว่างบประมาณในการซื้อ,unknown,unknown,ออกกำลังกาย,unknown,Missing,1.51 - 2.0M,Missing,Missing,Facebook Assetwise,ป้ายบริเวณ ข้าง/หน้า สำนักงานขาย,Missing,Missing,Missing,"20,001 - 30,000",unknown,unknown,unknown,unknown,unknown,unknown,พนักงานบริษัทเอกชน ประเภท,25-35 ปี,KAVE,Campus Condo,1390000,รังสิต,1.2246467991473532e-16,-1.0,13.0,12.0,4.0,2023.0,50,2.0,0,347.0,1.0,0.0
75,ชาย,ใกล้ที่ทำงาน,ทำเล,อยู่ระหว่างการตัดสินใจ,unknown,ขอสินเชื่อ,unknown,"กิจกรรมการกุศล เช่น บริจาคสิ่งของ, บริจาคโลหิต",26-29 ตร.ม.,2.01 - 2.5M,หลังที่ 1,บอกต่อ,Facebook โครงการ,ป้ายหน้าโครงการ,ไม่มีรถ,ภายใน 1 เดือน,Missing,"30,001 - 40,000",Fitness,อยู่ประจำทุกวัน,ไม่มีรถ,อยู่เอง,ถ.รัชดาภิเษก,โสด,พนักงานบริษัทเอกชน ประเภท,25-35 ปี,MAROON,LOW RISE,2390000,รัชดา,-1.0,-1.8369701987210294e-16,7.0,12.0,4.0,2024.0,49,5.0,1,342.0,1.0,1.0
75,ชาย,ทำเลที่เดินทางสะดวกขึ้น,unknown,ราคาสูงกว่างบประมาณในการซื้อ,unknown,unknown,unknown,กิจกรรมกีฬา เช่น ฟุตบอล แบดมินตัน ว่ายน้ำ,30-34 ตร.ม.,2.51 - 3.0M,Missing,บอกต่อ,Other,ป้ายหน้าโครงการ,Missing,1 - 3 เดือน,Missing,"50,001 - 65,000",Fitness,อยู่ประจำทุกวัน,unknown,อยู่เอง,Other,โสด,พนักงานรัฐวิสาหกิจ ประเภท,25-35 ปี,MAROON,LOW RISE,2390000,รัชดา,1.2246467991473532e-16,-1.0,25.0,2.0,1.0,2025.0,9,1.0,0,56.0,1.0,0.0
76,ชาย,ใกล้มหาวิทยาลัย,ทำเล,อื่นๆ,ไม่ได้เปรียบเทียบ,เงินสด,พักผ่อนส่วนตัว,unknown,26-29 ตร.ม.,3.01 - 3.5M,มากกว่า 2 หลัง,Missing,ป้ายโฆษณา,ป้ายหน้าโครงการ,"รถเก๋ง Size L (Accord, Camry ...)",ภายใน 1 เดือน,"65,001 - 80,000","65,001 - 80,000",unknown,unknown,ฮอนด้า (Honda),เก็บเป็นทรัพย์สิน,ถ.พหลโยธินฯ,สมรส มีบุตร (คน),รับราชการ ประเภท,45 ปีขึ้นไป,MODIZ,HIGH RISE,2590000,เกษตร-ศรีปทุม,-0.4999999999999997,-0.8660254037844388,11.0,6.0,2.0,2024.0,24,1.0,0,163.0,3.0,1.0
76,หญิง,ลงทุน/ปล่อยเช่า,unknown,อยู่ระหว่างการตัดสินใจ,unknown,unknown,unknown,unknown,26-29 ตร.ม.,2.51 - 3.0M,Missing,Missing,ป้ายโฆษณา,ป้ายหน้าโครงการ,Missing,1 - 3 เดือน,"35,001 - 50,000","40,001 - 50,000",unknown,unknown,unknown,ปล่อยเช่า,ถ.พหลโยธินฯ,สมรส มีบุตร (คน),รับราชการ ประเภท,45 ปีขึ้นไป,MODIZ,HIGH RISE,2590000,เกษตร-ศรีปทุม,-0.4999999999999997,-0.8660254037844388,30.0,6.0,2.0,2023.0,26,4.0,0,181.0,3.0,0.0
79,หญิง,ซื้อเก็บเป็นทรัพย์สิน,unknown,รอพาคนตัดสินใจมาดู,ไม่ได้เปรียบเทียบ,unknown,unknown,unknown,น้อยกว่า 23  ตร.ม.,1.51 - 2.0M,Missing,Missing,บริเวณที่ตั้งโครงการ,Other,"รถเก๋ง Size L (Accord, Camry ...)",ภายใน 1 เดือน,"20,001 - 35,000","20,001 - 30,000",unknown,unknown,โตโยต้า (Toyota),อยู่เอง,unknown,โสด,พนักงานบริษัทเอกชน ประเภท,25-35 ปี,ATMOZ,LOW RISE,1690000,ระยอง,-0.9659258262890684,0.2588190451025203,29.0,10.0,4.0,2023.0,43,6.0,1,302.0,4.0,0.0
79,ชาย,ลงทุน/ปล่อยเช่า,unknown,อยู่ระหว่างการตัดสินใจ,unknown,unknown,ออกกำลังกาย,unknown,26-29 ตร.ม.,1.01 - 1.5M,Missing,Missing,Facebook Assetwise,ป้ายบอกทาง บริเวณ,"รถเก๋ง Size M (Civic, Altis ...)",4 - 6 เดือน,"50,001 - 65,000","50,001 - 65,000",unknown,unknown,ฮอนด้า (Honda),ปล่อยเช่า,Other,โสด,พนักงานบริษัทเอกชน ประเภท,36-45 ปี,ATMOZ,LOW RISE,1690000,ระยอง,-0.8660254037844385,-0.5000000000000004,28.0,1.0,1.0,2024.0,4,6.0,1,28.0,1.0,0.0
81,ชาย,สภาพแวดล้อมที่ดีขึ้น,unknown,Other,unknown,unknown,ออกกำลังกาย,unknown,น้อยกว่า 23  ตร.ม.,1.51 - 2.0M,Missing,Missing,Facebook Assetwise,ป้านหน้าสำนักงานขาย,ไม่มีรถ,1 - 3 เดือน,Missing,"40,001 - 50,000",unknown,unknown,ไม่มีรถ,อยู่เอง,unknown,โสด,ธุรกิจส่วนตัว ประเภท,36-45 ปี,KAVE,Campus Condo,1790000,บางแสน,-0.9659258262890684,-0.2588190451025206,21.0,11.0,4.0,2023.0,47,1.0,0,325.0,4.0,0.0
81,ชาย,ลงทุน/ปล่อยเช่า,มีโอกาสในการลงทุน,unknown,unknown,ขอสินเชื่อ,ออกกำลังกาย,unknown,23-25 ตร.ม.,2.01 - 2.5M,หลังที่ 1,Missing,Facebook โครงการ,ป้านหน้าสำนักงานขาย,"ECO Car (Vios, Yaris, Jazz, City,  Mazda2 ...)",ภายใน 1 เดือน,Missing,"80,001 - 100,000",unknown,unknown,โตโยต้า (Toyota),ปล่อยเช่า,unknown,โสด,พนักงานบริษัทเอกชน ประเภท,36-45 ปี,KAVE,Campus Condo,1790000,บางแสน,-0.7071067811865471,-0.7071067811865479,7.0,7.0,3.0,2024.0,27,6.0,1,189.0,3.0,1.0
89,หญิง,อื่นๆ,Other,อื่นๆ,unknown,อื่นๆ,unknown,unknown,26-29 ตร.ม.,Missing,หลังที่ 2,Missing,unknown,unknown,"รถเก๋ง Size L (Accord, Camry ...)",ภายใน 1 เดือน,Missing,Missing,unknown,unknown,ฮอนด้า (Honda),อยู่เอง,unknown,โสด,ธุรกิจส่วนตัว ประเภท,36-45 ปี,KAVE,Campus Condo,1890000,ศาลายา,-0.4999999999999997,-0.8660254037844388,24.0,6.0,2.0,2023.0,25,5.0,1,175.0,3.0,1.0
89,หญิง,ลงทุน/ปล่อยเช่า,unknown,unknown,unknown,unknown,พักผ่อนส่วนตัว,unknown,23-25 ตร.ม.,1.51 - 2.0M,Missing,Missing,Facebook โครงการ,ป้ายหน้าโครงการ,"ECO Car (Vios, Yaris, Jazz, City,  Mazda2 ...)",มากกว่า 1 ปี,Missing,"30,001 - 40,000",unknown,unknown,โตโยต้า (Toyota),ปล่อยเช่า,Other,โสด,รับราชการ ประเภท,45 ปีขึ้นไป,KAVE,Campus Condo,1890000,ศาลายา,-0.9659258262890684,-0.2588190451025206,7.0,9.0,3.0,2024.0,36,5.0,1,251.0,4.0,0.0
93,หญิง,ลงทุน/ปล่อยเช่า,มีโอกาสในการลงทุน,unknown,unknown,สิทธิ์สวัสดิการ,unknown,unknown,26-29 ตร.ม.,1.51 - 2.0M,หลังที่ 2,Missing,Facebook,unknown,"รถเก๋ง Size M (Civic, Altis ...)",ภายใน 1 เดือน,"120,001 - 140,000","40,001 - 50,000",unknown,unknown,ฮอนด้า (Honda),ปล่อยเช่า,Other,สมรส มีบุตร (คน),พนักงานรัฐวิสาหกิจ ประเภท,36-45 ปี,KAVE,Campus Condo,1690000,รังสิต,0.258819045102521,-0.9659258262890682,16.0,6.0,2.0,2024.0,24,6.0,1,168.0,3.0,1.0
93,unknown,unknown,unknown,unknown,unknown,unknown,พักผ่อนส่วนตัว,unknown,Missing,1.51 - 2.0M,Missing,Missing,Other,unknown,Missing,Missing,Missing,"40,001 - 50,000",unknown,unknown,unknown,unknown,Other,unknown,พนักงานบริษัทเอกชน ประเภท,45 ปีขึ้นไป,KAVE,Campus Condo,1690000,รังสิต,0.258819045102521,-0.9659258262890682,11.0,2.0,1.0,2024.0,6,6.0,1,42.0,1.0,0.0
94,unknown,unknown,unknown,unknown,unknown,unknown,unknown,unknown,Missing,Missing,Missing,Missing,unknown,unknown,Missing,Missing,Missing,"20,001 - 30,000",unknown,unknown,unknown,unknown,unknown,unknown,อื่นๆ,ต่ำกว่า 25 ปี,MODIZ,HIGH RISE,1790000,รังสิต,-0.8660254037844385,-0.5000000000000004,7.0,7.0,3.0,2023.0,27,4.0,0,188.0,3.0,0.0
94,ชาย,ใกล้ที่ทำงาน,unknown,unknown,ไม่ได้เปรียบเทียบ,ขอสินเชื่อ,unknown,unknown,26-29 ตร.ม.,2.51 - 3.0M,หลังที่ 1,Missing,Website โครงการ,unknown,"รถเก๋ง Size M (Civic, Altis ...)",ภายใน 1 เดือน,"50,001 - 65,000","50,001 - 65,000",unknown,unknown,ฮอนด้า (Honda),อยู่เอง,unknown,โสด,พนักงานบริษัทเอกชน ประเภท,25-35 ปี,MODIZ,HIGH RISE,1790000,รังสิต,-0.8660254037844385,-0.5000000000000004,15.0,2.0,1.0,2025.0,7,5.0,1,46.0,1.0,0.0
97,หญิง,ลงทุน/ปล่อยเช่า,unknown,ราคาสูงกว่างบประมาณในการซื้อ,unknown,unknown,พักผ่อนส่วนตัว,unknown,30-34 ตร.ม.,Missing,Missing,Missing,unknown,unknown,"รถยนต์อเนกประสงค์ (SUV, MPV)",1 - 3 เดือน,Missing,Missing,unknown,unknown,อื่นๆ,ปล่อยเช่า,unknown,โสด,ธุรกิจส่วนตัว ประเภท,Missing,AQUAROUS,HIGH RISE,4210000,Other,-0.4999999999999997,-0.8660254037844388,17.0,2.0,1.0,2025.0,8,0.0,0,48.0,1.0,
97,ชาย,unknown,unknown,unknown,unknown,unknown,unknown,unknown,40-50 ตร.ม.,Missing,Missing,Missing,unknown,unknown,มอเตอร์ไซค์,มากกว่า 1 ปี,Missing,Missing,unknown,unknown,ไม่มีรถ,unknown,unknown,โสด,อื่นๆ,45 ปีขึ้นไป,AQUAROUS,HIGH RISE,4210000,Other,-0.9659258262890684,-0.2588190451025206,20.0,2.0,1.0,2025.0,8,3.0,0,51.0,1.0,
98,LGBT,unknown,unknown,unknown,unknown,unknown,พักผ่อนส่วนตัว,unknown,23-25 ตร.ม.,2.51 - 3.0M,Missing,Missing,ลูกค้าเก่า AssetWise,unknown,"รถเก๋ง Size M (Civic, Altis ...)",4 - 6 เดือน,Missing,"50,001 - 65,000",unknown,unknown,ฮอนด้า (Honda),ปล่อยเช่า,Other,โสด,พนักงานบริษัทเอกชน ประเภท,25-35 ปี,KAVE,Campus Condo,2390000,ลาดพร้าว,-0.8660254037844385,-0.5000000000000004,21.0,2.0,1.0,2025.0,8,4.0,0,52.0,1.0,0.0
98,unknown,unknown,unknown,unknown,unknown,unknown,พักผ่อนส่วนตัว,unknown,Missing,2.51 - 3.0M,Missing,Missing,Website โครงการ,ป้ายหน้าโครงการ,Missing,Missing,Missing,"30,001 - 40,000",unknown,unknown,unknown,unknown,Other,unknown,พนักงานบริษัทเอกชน ประเภท,36-45 ปี,KAVE,Campus Condo,2390000,ลาดพร้าว,-0.8660254037844385,-0.5000000000000004,15.0,2.0,1.0,2025.0,7,5.0,1,46.0,1.0,0.0
99,ชาย,ลงทุน/ปล่อยเช่า,มีโอกาสในการลงทุน,อยู่ระหว่างการตัดสินใจ,ไม่ได้เปรียบเทียบ,ขอสินเชื่อ,พักผ่อนส่วนตัว,unknown,26-29 ตร.ม.,2.01 - 2.5M,มากกว่า 2 หลัง,Missing,Facebook Assetwise,Other,"รถเก๋ง Size M (Civic, Altis ...)",ภายใน 1 เดือน,"120,001 - 140,000","65,001 - 80,000",unknown,unknown,ฮอนด้า (Honda),ปล่อยเช่า,Other,สมรส มีบุตร (คน),พนักงานบริษัทเอกชน ประเภท,36-45 ปี,KAVE,Campus Condo,1790000,Other,1.2246467991473532e-16,-1.0,6.0,8.0,3.0,2024.0,32,1.0,0,219.0,3.0,1.0
99,หญิง,unknown,unknown,unknown,ไม่ได้เปรียบเทียบ,unknown,unknown,unknown,23-25 ตร.ม.,1.51 - 2.0M,Missing,Missing,unknown,unknown,"ECO Car (Vios, Yaris, Jazz, City,  Mazda2 ...)",1 - 3 เดือน,"20,001 - 35,000","20,001 - 30,000",unknown,unknown,Other,ปล่อยเช่า,Other,สมรส มีบุตร (คน),รับราชการ ประเภท,36-45 ปี,KAVE,Campus Condo,1790000,Other,-0.8660254037844385,-0.5000000000000004,6.0,11.0,4.0,2024.0,45,2.0,0,311.0,4.0,0.0
101,หญิง,สภาพแวดล้อมที่ดีขึ้น,unknown,ราคาสูงกว่างบประมาณในการซื้อ,unknown,unknown,unknown,unknown,23-25 ตร.ม.,Missing,Missing,Missing,unknown,unknown,Missing,1 - 3 เดือน,Missing,Missing,unknown,unknown,unknown,อยู่เอง,unknown,โสด,พนักงานบริษัทเอกชน ประเภท,ต่ำกว่า 25 ปี,KAVE,Campus Condo,2390000,บางมด,-0.9659258262890684,-0.2588190451025206,8.0,6.0,2.0,2024.0,23,5.0,1,160.0,3.0,0.0
101,ชาย,unknown,unknown,unknown,unknown,unknown,unknown,unknown,26-29 ตร.ม.,Missing,Missing,Missing,unknown,unknown,"รถเก๋ง Size M (Civic, Altis ...)",4 - 6 เดือน,Missing,Missing,unknown,unknown,ฮอนด้า (Honda),unknown,unknown,โสด,อื่นๆ,36-45 ปี,KAVE,Campus Condo,2390000,บางมด,-0.4999999999999997,-0.8660254037844388,9.0,6.0,2.0,2024.0,23,6.0,1,161.0,3.0,0.0
103,ชาย,ซื้อเก็บเป็นทรัพย์สิน,unknown,อยู่ระหว่างการตัดสินใจ,ไม่ได้เปรียบเทียบ,unknown,ออกกำลังกาย,unknown,23-25 ตร.ม.,1.51 - 2.0M,Missing,Missing,unknown,ป้ายบอกทาง บริเวณ,"รถยนต์อเนกประสงค์ (SUV, MPV)",1 - 3 เดือน,"65,001 - 80,000","40,001 - 50,000",unknown,unknown,โตโยต้า (Toyota),อยู่เอง,Other,สมรส มีบุตร (คน),รับราชการ ประเภท,36-45 ปี,ATMOZ,HIGH RISE,1690000,Other,-0.7071067811865471,-0.7071067811865479,23.0,3.0,1.0,2025.0,12,6.0,1,82.0,2.0,0.0
103,ชาย,unknown,unknown,Other,อื่นๆ โปรดระบุ,unknown,unknown,unknown,26-29 ตร.ม.,1.51 - 2.0M,Missing,Missing,Facebook,unknown,"รถเก๋ง Size L (Accord, Camry ...)",1 - 3 เดือน,"80,001 - 100,000","80,001 - 100,000",unknown,unknown,ฮอนด้า (Honda),ปล่อยเช่า,Other,โสด,พนักงานบริษัทเอกชน ประเภท,36-45 ปี,ATMOZ,HIGH RISE,1690000,Other,-0.8660254037844385,-0.5000000000000004,12.0,1.0,1.0,2025.0,2,6.0,1,12.0,1.0,0.0
104,ชาย,ลงทุน/ปล่อยเช่า,unknown,unknown,unknown,unknown,unknown,unknown,26-29 ตร.ม.,2.51 - 3.0M,Missing,Missing,Facebook โครงการ,Other,Missing,Missing,Missing,"150,001 - 200,000",unknown,unknown,unknown,ปล่อยเช่า,ถ.พหลโยธินฯ,สมรส มีบุตร (คน),พนักงานบริษัทเอกชน ประเภท,45 ปีขึ้นไป,KAVE,Campus Condo,1690000,รังสิต,-0.7071067811865471,-0.7071067811865479,12.0,10.0,4.0,2024.0,41,5.0,1,286.0,4.0,0.0
104,ชาย,ใกล้มหาวิทยาลัย,unknown,อยู่ระหว่างการตัดสินใจ,unknown,unknown,ออกกำลังกาย,unknown,23-25 ตร.ม.,1.51 - 2.0M,Missing,Missing,ลูกค้าเก่า AssetWise,Other,"รถเก๋ง Size M (Civic, Altis ...)",1 - 3 เดือน,Missing,"65,001 - 80,000",unknown,unknown,นิสสัน (Nissan),ปล่อยเช่า,ถ.พหลโยธินฯ,สมรส มีบุตร (คน),อื่นๆ,45 ปีขึ้นไป,KAVE,Campus Condo,1690000,รังสิต,-0.4999999999999997,-0.8660254037844388,13.0,10.0,4.0,2024.0,41,6.0,1,287.0,4.0,0.0
